test_id,recipe_name,reference,hypothesis,wer,cer,seconds
test_001,바싹불고기김치볶음밥,김치 150 g 과 바싹 불고기 150 g 을 먹기 좋은 크기로 썰어주세요.,김치 150그램 과 밭삭 불고기 150그램 을 먹기 좋은 크기로 썰어주세요.,0.0909,0.0645,2.10
test_002,치즈에그그라탕,소금 약간을 섞어 양념을 만들어주세요.,소금 약간을 섞어 양념을 만들어주세요.,0.0000,0.0000,0.28
test_003,두부조림덮밥,"소금, 진간장, 고춧가루 봉긋하게, 설탕을 섞어 양념을 만들어주세요.","소금, 진간장, 고춧가루 봉긋하게, 설탕을 섞어 양념을 만들어주세요.",0.0000,0.0000,0.32
test_004,조선무당근생채,"소금 한 큰술 , 고춧가루 세 큰술 , 현미식초 네 큰술 을 섞어 양념을 만들어주세요.","수금 1 큰술 , 고춧가루 세 큰술 , 현미식초 네 큰술 을 섞어 양념을 만들어주세요.",0.2308,0.0645,0.32
test_005,고추멸치볶음,"매운고추 대체 꽈리고추, 통깨 약간, 식용유 약간을 넣고 함께 볶아주세요.","매운고추, 대채까리고추, 통깨 약간, 식용유 약간을 넣고 함께 볶아주세요.",0.2000,0.0690,0.30
test_006,노버터블루베리머핀,"블루베리 30 g , 베이킹파우더 4 g , 카놀라유 80 g , 바닐라파우더 1 g 을 넣고 마무리해주세요.","블루베리 30그램 , 베이킹파우더 4그램 , 카놀라유 80그램 , 바닐라파우더 1그램 을 넣고 마무리해주세요.",0.0000,0.0000,0.35
test_007,만능고추장아찌,가지고추 5 개 을 먹기 좋은 크기로 썰어주세요.,가지고추 5 개 을 먹기 좋은 크기로 썰어주세요.,0.0000,0.0000,0.28
test_008,아이스라떼,"얼음 적당량 , 우유 150 g , 에스프레소 2 샷 , 알룰로스 15 g 을 넣어주세요.","얼음 적당량, 우유 150그램 , 에스프레소 2 샷 , 알룰로스 15그램 을 넣어주세요.",0.0000,0.0000,0.36
test_009,유자청과일샐러드,삶은 계란 2 개 을 손질해주세요.,삶은 계란 2 개 을 손질해주세요.,0.0000,0.0000,0.30
test_010,닭가슴살고추잡채,"닭가슴살, 빨간파프리카, 노란파프리카, 청고추, 표고버섯을 먹기 좋은 크기로 썰어주세요.","닭가슴살, 빨간 파프리카, 노란 파프리카, 청고추, 표고버섯을 먹기 좋은 크기로 썰어주세요.",0.4444,0.0000,0.39
test_011,바질양배추당근라페샌드위치,"바질 양배추 당근 라페 샌드위치 재료, 토마토 1 개 , 올리브 오일 적당히 , 계란 2 개 , 치즈 2 장 , 깜뺘뉴 4 장 을 넣어주세요.","바질 양배추 당근 라페 샌드위치 재료, 토마토 1 개 , 올리브오일 적당히 , 계란 2 개 , 치즈 2 장 , 깜빼뉴 4 장 을 넣어주세요.",0.1429,0.0213,0.42
test_012,등심덧살조림,생강청 한 큰술 과 양파 1 개 을 썰어 준비해주세요.,생강청 1 큰술 과 양파 1 개 을 썰어 준비해주세요.,0.2222,0.0500,0.30
test_013,흑임자무나물,"무우, 당근 아주조금, 흑임자를 준비해주세요.","무, 당근 아주 조금, 흑임자를 준비해주세요.",0.6000,0.0556,0.28
test_014,오이간장짱아찌,"간장양념, 간장, 설탕, 식초를 섞어 양념을 만들어주세요.","간장양념, 간장, 설탕, 식초를 섞어 양념을 만들어주세요.",0.0000,0.0000,0.32
test_015,치킨크림스파게티,"스파게티 면, 표고버섯, 우유, 생크림, 파마산 치즈가루, 후춧가루 약간을 넣고 함께 볶아주세요.","스팸에라이, 스파게티면, 표고버섯, 우유, 생크림, 파마산 치즈가루, 후춧가루 약간을 넣고 함께 볶아주세요.",0.1667,0.1351,0.44
test_016,소고기황태국,소고기과 달걀을 넣고 끓여주세요.,소고기과 달걀을 넣고 끓여주세요.,0.0000,0.0000,0.29
test_017,아롱사태수육,"레몬즙 반 큰술 , 연겨자 약간 , 다진 파 한 큰술 을 넣고 마무리해주세요.","레몬즙 반 큰술, 연겨자 약간, 다진 파 한 큰술 을 넣고 마무리해주세요.",0.0000,0.0000,0.30
test_018,바나나퀘사디아,"바나나, 또띠아, 누텔라나 초코잼 적당량, 볶은 해바라기씨앗 약간을 팬이나 불에 올려 구워주세요.","바나나, 또띠아, 누텔라나 초코잼 적당량, 볶은 해바라기씨앗 약간을 팬이나 불에 올려 구워주세요.",0.0000,0.0000,0.35
test_019,초코머드파이,"옥수수전분, 바닐라익스트랙 약간, 토핑, 생크림을 넣고 마무리해주세요.","옥수수전분, 바닐라익스트랙 약간, 토핑, 생크림을 넣고 마무리해주세요.",0.0000,0.0000,0.34
test_020,미역두부미소된장국,대파 4-5 cm 을 썰어 준비해주세요.,대파 4에서 5 cm 을 썰어 준비해주세요.,0.3333,0.1250,0.28
test_021,치즈오믈렛베이글,"블루베리 베이글, 달걀, 우유, 파슬리가루, 모짜렐라치즈 조금을 반죽에 섞어주세요.","블루베리베리 베이글, 달걀, 우유, 파슬리가루, 모짜렐라치즈 조금을 반죽에 섞어주세요.",0.1111,0.0606,0.35
test_022,아스파라거스냉국,"아스파가거스, 실파, 청양고추, 매실액을 넣어주세요.","아스팔고스, 실파, 청양고추, 매실액을 넣어주세요.",0.2000,0.1429,0.32
test_023,대파크림샌드위치,"크림치즈 100 g , 다진파 100 g , 액상 알룰로스 2 수저 , 식빵 2 장 을 준비해주세요.","크림치즈 100그램 , 다진파 100그램 , 액상 알룰로스 2 수저 , 식빵 2 장 을 준비해주세요.",0.0000,0.0000,0.33
test_024,무스테이크,"두껍게 슬라이스한 무, 닭안심살, 당근 약간, 부추 약간을 팬이나 불에 올려 구워주세요.","두껍게 슬라이스한 무, 달간심살, 당근 약간, 부추 약간을 팬이나 불에 올려 구워주세요.",0.0833,0.0588,0.32
test_025,소고기시금치스크램블덮밥,"시금치 40 g , 표고버섯 1 개 , 밥 2 공기 , 식용유 한 큰술 을 넣고 함께 볶아주세요.","시금치 40그램 , 표고버섯 1 개 , 밥 2 공기 , 식용유 한 큰술 을 넣고 함께 볶아주세요.",0.0000,0.0000,0.32
test_026,콩나물목살찜,"간장, 고춧가루, 식초, 설탕을 섞어 양념을 만들어주세요.","간장, 고춧가루, 식초, 설탕을 섞어 양념을 만들어주세요.",0.0000,0.0000,0.30
test_027,불고기떡볶이샐러드,"양념 불고기, 샐러드 소스, 간장, 후추 약간을 섞어 양념을 만들어주세요.","양념 불고기, 샐러드소스, 간장, 후추 약간을 섞어 양념을 만들어주세요.",0.2000,0.0000,0.31
test_028,오이참치샐러드,"식초 한 큰술 , 소금 톡톡 , 후추 톡톡 을 섞어 양념을 만들어주세요.","식초 1 큰술 , 소금 톡톡, 후추 톡톡을 섞어 양념을 만들어주세요.",0.3636,0.0400,0.33
test_029,고등어시래기무조림,"고등어, 시래기삶은것, 무, 양파, 청양고추를 냄비에 넣어주세요.","고등어, 시래기 삶은것, 무, 양파, 청양고추를 냄비에 넣어주세요.",0.2857,0.0000,0.31
test_030,카레두부면,닭가슴살 91 g 을 손질해주세요.,닭가슴살 91그램 을 손질해주세요.,0.0000,0.0000,0.27
test_031,꽃게양념찜,다진생강 2 티스푼 을 넣고 마무리해주세요.,다진 생강 2 티스푼 을 넣고 마무리해주세요.,0.3333,0.0000,0.30
test_032,달걀참치카나페,"달걀, 참치, 초록파프리카, 빨간파프리카, 노랑파프리카, 양상추 약간을 넣어주세요.","달걀, 참치, 초록파프리카, 빨간파프리카, 노랑파프리카, 양상추 약간을 넣어주세요.",0.0000,0.0000,0.38
test_033,체리우유,"체리, 연유, 우유를 넣어주세요.","체리, 연유, 우유를 넣어주세요.",0.0000,0.0000,0.28
test_034,양고기숄더렉스테이크,버터 한 큰술 을 넣고 마무리해주세요.,버터 한큰술 을 넣고 마무리해주세요.,0.3333,0.0000,0.27
test_035,단호박국물떡볶이,"큐브모양 닭가슴살, 단호박, 가래떡을 먹기 좋은 크기로 썰어주세요.","큐브 모양 닭가슴살, 단호박, 가래떡을 먹기 좋은 크기로 썰어주세요.",0.2500,0.0000,0.35
test_036,미역수제비,"물, 작은 다시마, 멸치를 넣고 끓여주세요.","물, 작은 다시마, 멸치를 넣고 끓여주세요.",0.0000,0.0000,0.30
test_037,문어비빔국수,재료가 익으면 간을 확인하고 마무리해주세요.,재료가 익으면 간을 확인하고 마무리해주세요.,0.0000,0.0000,0.29
test_038,콩나물황태국,달걀과 새우젓을 넣고 끓여주세요.,달걀과 새우젓을 넣고 끓여주세요.,0.0000,0.0000,0.27
test_039,매콤번데기볶음,"대파 1에서 2 뿌리 , 양파 120 g , 홍고추 1 개 , 마늘 10에서 12 개 을 썰어 준비해주세요.","대파 1에서 2 뿌리, 양파 120그램 , 홍고추 1 개 , 마늘 10에서 12 개 을 썰어 준비해주세요.",0.0000,0.0000,0.32
test_040,아기과일깍두기,"무 200 g , 파프리카 반 , 사과 반 , 새우젓 0.5 T , 레몬즙 0.5 T 을 준비해주세요.","무 200그램 , 파프리카 반 , 사과 반 , 새우젓 0.5 T , 레몬즙 0.5 T 을 준비해주세요.",0.0000,0.0000,0.36
test_041,골뱅이고추장볶음,"고춧가루, 소금 적당량, 후추 적당량, 참기름을 섞어 양념을 만들어주세요.","고춧가루, 소금 적당량, 후추 적당량, 참기름을 섞어 양념을 만들어주세요.",0.0000,0.0000,0.31
test_042,마겉절이,"간장, 고춧가루, 액젓, 식초, 설탕, 맛술, 올리고당, 참기름 약간을 섞어 양념을 만들어주세요.","간장, 고춧가루, 액젓, 식초, 설탕, 맛술, 올리고당, 참기름 약간을 섞어 양념을 만들어주세요.",0.0000,0.0000,0.39
test_043,날치알토마토스파게티,"파스타면, 날치알, 베이컨, 화이트와인, 바질, 올리브유를 넣고 함께 볶아주세요.","파스탐면, 날치알, 베이컨, 화이트와인, 바질, 올리브유를 넣고 함께 볶아주세요.",0.1111,0.0323,0.39
test_044,감자김치볶음밥,"굴소스 1 스푼 , 후추 1 티스푼 , 설탕 1 티스푼 , 고춧가루 반 스푼 , 참기름 반 스푼 을 섞어 양념을 만들어주세요.","굴소 1 스푼 , 후추 1 티스푼 , 설탕 1 티스푼 , 고춧가루 반 스푼 , 참기름 반 스푼 을 섞어 양념을 만들어주세요.",0.0556,0.0233,0.44
test_045,매운크림파스타,양파 반 개 과 다진마늘 두 큰술 을 썰어 준비해주세요.,양파 반 개 과 다진 마늘 두 큰술 을 썰어 준비해주세요.,0.2000,0.0000,0.30
test_046,그라나파노치즈파스타,마늘 45 g 을 썰어 준비해주세요.,마늘 45그램 을 썰어 준비해주세요.,0.0000,0.0000,0.29
test_047,명란탕,양념재료과 국간장을 섞어 양념을 만들어주세요.,양념재료과 국간장을 섞어 양념을 만들어주세요.,0.0000,0.0000,0.31
test_048,오징어부추치즈전,"부추 1 줌 , 오징어 1 마리 , 모짜렐라 치즈 1 컵 , 부침가루 1 컵 , 계란 1 개 을 반죽에 섞어주세요.","부추 1 줌, 오징어 1 마리, 모짜렐라 치즈 1 컵, 부침가루 1 컵, 계란 1 개 을 반죽에 섞어주세요.",0.0000,0.0000,0.36
test_049,갈매기살,돼지고기갈매기살을 손질해주세요.,돼지고기갈매기살을 손질해주세요.,0.0000,0.0000,0.29
test_050,생과일보틀케이크,"에이스비스킷 3 팩 , 버터 200 g , 휘핑크림 1000 ml , 크림치즈 200 g , 바닐라익스트렉 2 g , 과일 적당량 을 넣어주세요.","에이스비스킷 3 팩 , 버터 200그램 , 휘핑크림 1000밀리리터 , 크림치즈 200그램 , 바닐라익스트랙 2그램 , 과일 적당량 을 넣어주세요.",0.0667,0.0175,0.36
test_051,참치오이김밥,오이 1 개 을 먹기 좋은 크기로 썰어주세요.,오이 1 개 을 먹기 좋은 크기로 썰어주세요.,0.0000,0.0000,0.30
test_052,훈제오리김치찌개,김칫국물과 멸치육수를 넣고 끓여주세요.,김치국물과 멸치육수를 넣고 끓여주세요.,0.2500,0.0588,0.28
test_053,톳콩나물초무침,"톳, 콩나물, 당근, 대파흰부분, 청양고추, 매실액, 통깨 적당히를 준비해주세요.","텃, 콩나물, 당근, 대파인 부분, 청양고추, 매실액, 통깨 적당히를 준비해주세요.",0.3333,0.0667,0.34
test_054,버터넛스쿼시,"버터넛 스쿼시, 잔파, 올리브유, 후춧가루 약간을 넣고 함께 볶아주세요.","버터넛 스쿼시, 잔파, 올리브유, 후춧가루 약간을 넣고 함께 볶아주세요.",0.0000,0.0000,0.34
test_055,파채떡볶이,"떡볶이떡, 네모어묵, 식용유를 넣고 함께 볶아주세요.","떡볶이떡, 네모어묵, 식용유를 넣고 함께 볶아주세요.",0.0000,0.0000,0.29
test_056,햄치즈구이,캔햄과 치즈를 팬이나 불에 올려 구워주세요.,캐냘과 치즈를 팬이나 불에 올려 구워주세요.,0.1667,0.1111,0.29
test_057,떡볶이파스타,떡볶이떡을 먹기 좋은 크기로 썰어주세요.,떡볶이 떡을 먹기 좋은 크기로 썰어주세요.,0.4000,0.0000,0.27
test_058,고구마브라우니트리케이크,"속재료, 건블루베리, 크린베리, 다진호두, 장식을 넣고 마무리해주세요.","속재료, 건 블루베리, 크린베리, 다진호두, 장식을 넣고 마무리해주세요.",0.2857,0.0000,0.34
test_059,야채강된장,"새송이버섯, 감자, 당근, 양배추, 애호박을 먹기 좋은 크기로 썰어주세요.","새송이버섯, 감자, 당근, 양배추, 애호박을 먹기 좋은 크기로 썰어주세요.",0.0000,0.0000,0.30
test_060,돼지고기숙주나물볶음,"양파, 청양고추, 대파, 다진마늘을 썰어 준비해주세요.","양파, 청양고추, 대파, 다진마늘을 썰어 준비해주세요.",0.0000,0.0000,0.32
test_061,까망베르치즈구이,시나몬가루 약간을 넣고 마무리해주세요.,시나몬가루 약간을 넣고 마무리해주세요.,0.0000,0.0000,0.27
test_062,스팸김치찜,국물용 멸치과 다시마 국물을 넣고 끓여주세요.,국물용 멸치과 다시마 국물을 넣고 끓여주세요.,0.0000,0.0000,0.29
test_063,생크림쌀카스테라,"꿀, 바닐라 페이스트, 박력 쌀가루, 필링, 생크림을 넣고 마무리해주세요.","꿀, 바닐라페이스트, 박력쌀가루, 필링, 생크림을 넣고 마무리해주세요.",0.4444,0.0000,0.33
test_064,크래미또띠아롤,"통밀또띠아, 크래미, 빨강파프리카, 노랑파프리카를 팬이나 불에 올려 구워주세요.","통밀 또띠아, 크래미, 빨강 파프리카, 노랑 파프리카를 팬이나 불에 올려 구워주세요.",0.7500,0.0000,0.32
test_065,소고기마파두부,간쇠고기를 넣고 끓여주세요.,간쇠고기를 넣고 끓여주세요.,0.0000,0.0000,0.27
test_066,동그랑땡스테이크,"소스 재료, 스테이크 소스, 올리고당을 섞어 양념을 만들어주세요.","소스 재료, 스테이크 소스, 올리고당을 섞어 양념을 만들어주세요.",0.0000,0.0000,0.31
test_067,토마토소스제육볶음,돼지고기 앞다리살 780 g 과 당근 3분의 1 개 을 먹기 좋은 크기로 썰어주세요.,돼지고기 앞다리살 780그램 과 당근 3분의 1 개 을 먹기 좋은 크기로 썰어주세요.,0.0000,0.0000,0.33
test_068,명란달걀찜,멸치다시마육수를 넣고 끓여주세요.,멸치다시마육수를 넣고 끓여주세요.,0.0000,0.0000,0.29
test_069,전복죽,"전복 , 밥, 양파, 당근, 양송이버섯을 넣어주세요.","전복, 밥, 양파, 당근, 양송이버섯을 넣어주세요.",0.0000,0.0000,0.30
test_070,감자사과쨈,"껍질벗긴 감자, 껍질벗긴 사과, 시나몬파우터를 냄비에 넣어주세요.","껑질 벗긴 감자, 껍질 벗긴 사과, 시나몬파우터를 냄비에 넣어주세요.",0.5714,0.0370,0.34
test_071,시래기멸치조림,"된장 듬뿍 한 큰술 , 고춧가루 듬뿍 세 큰술 , 설탕 두 큰술 , 후추 적당량 , 미림 네 큰술 , 참기름 세 큰술 , 국간장 두 큰술 을 섞어 양념을 만들어주세요.","된장 듬뿍 1 큰술 , 고춧가루 듬뿍 세 큰술 , 설탕 두 큰술 , 후추 적당량 , 미림 네 큰술 , 참기름 세 큰술 , 국간장 두 큰술 을 섞어 양념을 만들어주세요.",0.0769,0.0182,0.44
test_072,비건두부볶음밥,"두부, 새송이버섯, 애호박, 모닝고추, 빨강 파프리카 약간을 먹기 좋은 크기로 썰어주세요.","두부, 새송이버섯, 애호박, 모닝고추, 빨강 파프리카 약간을 먹기 좋은 크기로 썰어주세요.",0.0000,0.0000,0.32
test_073,낙지연근전,부침가루과 후춧가루 적당히를 넣고 마무리해주세요.,부침가루과 후춧가루 적당히를 넣고 마무리해주세요.,0.0000,0.0000,0.30
test_074,하얀감자탕,"우거지양념, 국간장 두 큰술 , 멸치액젓 한 큰술 , 된장 한 큰술 , 감자탕 양념, 소금 1.5 T 을 섞어 양념을 만들어주세요.","우거지양념, 국간장 2 큰술 , 멸치액젓 한 큰술 , 된장 한 큰술 , 감자탕 양념, 소금 1.5 T 을 섞어 양념을 만들어주세요.",0.1000,0.0222,0.43
test_075,광어감자버터볶음,통마늘 8 개 을 썰어 준비해주세요.,통마늘 8 개 을 썰어 준비해주세요.,0.0000,0.0000,0.27
test_076,오이사과샐러드,"사과반 양파, 오이, 호두, 마요네즈를 준비해주세요.","사과반 양파, 오이, 호두, 마요네즈를 준비해주세요.",0.0000,0.0000,0.31
test_077,다진소고기볶음밥,다진 소고기 100 g 을 먹기 좋은 크기로 썰어주세요.,다진 소고기 100그램 을 먹기 좋은 크기로 썰어주세요.,0.0000,0.0000,0.31
test_078,강아지코티지치즈,식초 한 큰술 을 섞어 양념을 만들어주세요.,식초 1 큰술 을 섞어 양념을 만들어주세요.,0.2857,0.0588,0.28
test_079,야채쫄면,"초고추장, 참기름, 설탕, 식초를 섞어 양념을 만들어주세요.","초고추장, 참기름, 설탕, 식초를 섞어 양념을 만들어주세요.",0.0000,0.0000,0.30
test_080,돼지스테이크,돼지고기 전지를 손질해주세요.,돼지고기 전질을 손질해주세요.,0.3333,0.1538,0.28
test_081,오이둥지비빔면,물 1 L 을 넣고 끓여주세요.,물 1 리터 을 넣고 끓여주세요.,0.0000,0.0000,0.28
test_082,흑타리버섯볶음,"소금 1 티스푼 , 굴소스 1.5 스푼 , 후추 넉넉히 을 섞어 양념을 만들어주세요.","소금 1 티스푼, 굴소스 1.5 스푼, 후추 넉넉히 을 섞어 양념을 만들어주세요.",0.0000,0.0000,0.39
test_083,삼겹살두부짜글이,"양파 반 개 , 대파 4분의 1 개 , 청양고추 2 개 , 고추장 0.5 T 을 썰어 준비해주세요.","양파 반 개 , 대파 4분의 1 개 , 청양고추 2 개 , 고추장 0.5 T 을 썰어 준비해주세요.",0.0000,0.0000,0.32
test_084,호두초콜릿아이스크림,"우유, 동물성 생크림, 다진호두, 장식용 아몬드슬라이스 적당량, 다크초콜릿을 넣어주세요.","우유, 동물성 생크림, 다진호두, 장식용 아몬드 슬라이스 적당량, 다크초콜릿을 넣어주세요.",0.2222,0.0000,0.35
test_085,닭가슴살미트볼,"닭가슴살, 양파, 빵가루, 달걀, 바질가루, 식용유를 넣어주세요.","닭가슴살, 양파, 빵가루, 달걀, 바질가루, 식용유를 넣어주세요.",0.0000,0.0000,0.32
test_086,참나물생채무침,"진간장 한 큰술 , 고춧가루 한 큰술 , 사과식초 반 큰술 , 까나리액젓 반 큰술 , 참기름 을 섞어 양념을 만들어주세요.","진간장 1 큰술 , 고춧가루 1 큰술 , 사과식초 반 큰술 , 까나리액젓 반 큰술 , 참기름 을 섞어 양념을 만들어주세요.",0.2353,0.0465,0.39
test_087,몬스터볼쿠키,"밀가루박력분, 버터, 슈가파우더, 계란 노른자를 팬이나 불에 올려 구워주세요.","밀가루 박력분, 버터, 슈가파우더, 계란 노른자를 팬이나 불에 올려 구워주세요.",0.2222,0.0000,0.34
test_088,치킨나초,닭 가슴살과 닭 가슴살 두 덩어리 양념을에 준비한 양념을 골고루 발라주세요.,닭가슴살과 닭가슴살 두 덩어리 양념을에 준비한 양념을 골고루 발라주세요.,0.3636,0.0000,0.38
test_089,초코빼빼로케이크,"계란흰자, 아몬드가루, 박력분, 무가당코코아를 팬이나 불에 올려 구워주세요.","계란흰자, 아몬드가루, 박력분, 무가당 코코아를 팬이나 불에 올려 구워주세요.",0.2500,0.0000,0.33
test_090,돈마호크스테이크,"버터, 선택 재료, 아스파라거스, 방울토마토를 넣고 마무리해주세요.","버터, 선택재료, 아스파라거스, 방울토마토를 넣고 마무리해주세요.",0.2857,0.0000,0.31
test_091,두부면라자냐,돼지고기를에 준비한 양념을 골고루 발라주세요.,돼지고기를에 준비한 양념을 골고루 발라주세요.,0.0000,0.0000,0.31
test_092,라면버거,마요네즈 적당량을 넣고 마무리해주세요.,마요네즈 적당량을 넣고 마무리해주세요.,0.0000,0.0000,0.27
test_093,초당옥수수크림스프,"주재료, 초당옥수수 1 개 , 양파 반 개 , 양송이 2 개 , 완두콩 1 줌 , 부재료를 넣어주세요.","주재료, 초당옥수수 1 개 , 양파 반 개 , 양송이 2 개 , 완두콩 1 줌 , 부재료를 넣어주세요.",0.0000,0.0000,0.34
test_094,닭가슴살크로켓,닭가슴살 통조림캔을 손질해주세요.,닭가슴살 통조림캔을 손질해주세요.,0.0000,0.0000,0.28
test_095,체리초콜릿,"재료, 다크 커버춰 초콜릿, 다크 코팅 초콜릿, 생크림, 코앵트로, 마라시노 체리를 넣어주세요.","재료, 다크커버처 초콜릿, 다크코팅초콜릿, 생크림, 코엥트로, 마라시노 체리를 넣어주세요.",0.5000,0.0556,0.34
test_096,애호박보트피자,베이컨 2 줄 과 슈레드치즈 1 종이컵 을 넣고 마무리해주세요.,베이커 2 줄 과 슈레드치즈 1 종이컵 을 넣고 마무리해주세요.,0.1000,0.0400,0.30
test_097,양배추소고기말이,다짐마늘을 썰어 준비해주세요.,다진마늘을 썰어 준비해주세요.,0.3333,0.0769,0.26
test_098,돼지고기김치청국장찌개,"청국장, 익은 김치, 돼지고기, 애호박, 양파, 두부를 넣어주세요.","청국장, 익은 김치, 돼지고기, 애호박, 양파, 두부를 넣어주세요.",0.0000,0.0000,0.30
test_099,시금치키쉬,소금 크게과 후추 적당히취향껏을 섞어 양념을 만들어주세요.,소금 크게과 후추 적당히 뒤양껏을 섞어 양념을 만들어주세요.,0.2857,0.0800,0.30
test_100,크림소스함박스테이크,양파 반 개 과 다진마늘 반 T 을 썰어 준비해주세요.,양파 반 개 과 다진마늘 반티 을 썰어 준비해주세요.,0.2000,0.0500,0.31
